{
  "id": "nores-interface-enhancements",
  "title": "Nore's Interface Enhancements",
  "description": "UI tweaks for Foundry VTT v13: sidebar auto expand with selectable default tab or last tab, pause banner position, collapsible hotbars, and a Module Management toolbar.",
  "type": "module",
  "version": "2.9.8",
  "compatibility": {
    "minimum": "13",
    "verified": "13"
  },
  "authors": [
    { "name": "Nore", "url": "https://github.com/noreaga" }
  ],
  "esmodules": [
    "scripts/nores-interface-enhancements.mjs"
  ],
  "styles": [
    "styles/nores-interface-enhancements.css"
  ],
  "url": "https://github.com/noreaga/nores-interface-enhancements",
  "manifest": "https://raw.githubusercontent.com/noreaga/nores-interface-enhancements/main/module.json",
  "download": "https://github.com/noreaga/nores-interface-enhancements/releases/download/v2.9.8/nores-interface-enhancements-v2.9.8.zip",
  "readme": "https://raw.githubusercontent.com/noreaga/nores-interface-enhancements/main/README.md",
  "license": "https://raw.githubusercontent.com/noreaga/nores-interface-enhancements/main/LICENSE.md",
  "changelog": "https://raw.githubusercontent.com/noreaga/nores-interface-enhancements/main/CHANGELOG.md",
  "socket": false
}
